{
  "bins": [
    0.0,
    0.25,
    0.5,
    0.75,
    1.0
  ],
  "distribution": [
    0.0,
    0.12666666666666668,
    0.2866666666666667,
    0.5866666666666667
  ],
  "num_samples": 300,
  "mean_confidence": 0.7681285694241524,
  "std_confidence": 0.18629755606708767,
  "timestamp": "2026-07-20T20:03:34"
}